{
  "sec_filings": 3,
  "sec_ok": 3,
  "sec_tier0_pct": 100.0,
  "sec_usd_p50": 0.0,
  "agent_tasks": 5,
  "agent_success_rate": 1.0,
  "agent_silent_failures": 0,
  "agent_recovery_total": 1,
  "agent_llm_calls_total": 8,
  "agent_latency_p50": 9.288957200013101,
  "agent_latency_p95": 9.937342599965632,
  "agent_usd_p50": 0.0077009999999999995
}